Designator,Val,Package,Mid X,Mid Y,Rotation,Layer
"D1","WS2812B","LED_WS2812B_PLCC4_5.0x5.0mm_P3.2mm",117.324000,-88.726000,0.000000,top
"D2","WS2812B","LED_WS2812B_PLCC4_5.0x5.0mm_P3.2mm",117.324000,-95.346000,0.000000,top
"D3","WS2812B","LED_WS2812B_PLCC4_5.0x5.0mm_P3.2mm",117.324000,-101.966000,0.000000,top
"D4","WS2812B","LED_WS2812B_PLCC4_5.0x5.0mm_P3.2mm",117.324000,-108.586000,0.000000,top
"D5","WS2812B","LED_WS2812B_PLCC4_5.0x5.0mm_P3.2mm",125.744000,-88.726000,0.000000,top
"D6","WS2812B","LED_WS2812B_PLCC4_5.0x5.0mm_P3.2mm",125.744000,-95.346000,0.000000,top
"D7","WS2812B","LED_WS2812B_PLCC4_5.0x5.0mm_P3.2mm",125.744000,-101.966000,0.000000,top
"D8","WS2812B","LED_WS2812B_PLCC4_5.0x5.0mm_P3.2mm",125.744000,-108.586000,0.000000,top
"D9","WS2812B","LED_WS2812B_PLCC4_5.0x5.0mm_P3.2mm",134.164000,-88.726000,0.000000,top
"D10","WS2812B","LED_WS2812B_PLCC4_5.0x5.0mm_P3.2mm",134.164000,-95.346000,0.000000,top
"D11","WS2812B","LED_WS2812B_PLCC4_5.0x5.0mm_P3.2mm",134.164000,-101.966000,0.000000,top
"D12","WS2812B","LED_WS2812B_PLCC4_5.0x5.0mm_P3.2mm",134.164000,-108.586000,0.000000,top
"D13","WS2812B","LED_WS2812B_PLCC4_5.0x5.0mm_P3.2mm",142.584000,-88.726000,0.000000,top
"D14","WS2812B","LED_WS2812B_PLCC4_5.0x5.0mm_P3.2mm",142.584000,-95.346000,0.000000,top
"D15","WS2812B","LED_WS2812B_PLCC4_5.0x5.0mm_P3.2mm",142.584000,-101.966000,0.000000,top
"D16","WS2812B","LED_WS2812B_PLCC4_5.0x5.0mm_P3.2mm",142.584000,-108.586000,0.000000,top
