Reference, Quantity, Value, Footprint, Datasheet, LCSC, MANUFACTURER, PARTREV, STANDARD, MAXIMUM_PACKAGE_HEIGHT
BOOT0 BOOT1 ,2,"JUMPER3","tom-mechanical:SolderJumper-3_P2.0mm_Open_TrianglePad1.0x1.5mm","","DNP","","","",""
C1 ,1,"1uF/10V","tom-passives:C_0603_1608Metric","","C15849","","","",""
C10 C11 ,2,"12.5pF/10V","tom-passives:C_0603_1608Metric","","C38523","","","",""
C2 ,1,"10uF/10V","tom-passives:C_0603_1608Metric","","C19702","","","",""
C3 ,1,"100uF/6.3V","tom-passives:CP_EIA-3528-15_AVX-H","~","C16133","","","",""
C4 C5 C6 C7 ,4,"0.1uF/10V","tom-passives:C_0603_1608Metric","","C14663","","","",""
C8 C9 ,2,"20pF/10V","tom-passives:C_0603_1608Metric","","C1648","","","",""
D1 ,1,"BLUE","tom-opto:LED_0603_1608Metric","~","C72041","","","",""
D2 ,1,"RED","tom-opto:LED_0603_1608Metric","~","C2286","","","",""
D3 ,1,"GREEN","tom-opto:LED_0603_1608Metric","~","C72043","","","",""
J1 ,1,"Conn_01x06","tom-connectors:PinHeader_1x06_P2.54mm_Vertical","~"
J2 ,1,"USB_C_16PIN","tom-connectors:USB_C_Receptacle_GT-USB-7010","","DNP","","","",""
J3 ,1,"Conn_01x04","tom-connectors:PinHeader_1x04_P2.54mm_Vertical","~","DNP","","","",""
J4 ,1,"Conn_02x05_SWD","tom-connectors:PinHeader_2x05_P1.27mm_Vertical","~","DNP","","","",""
R1 R3 R4 ,3,"1k","tom-passives:R_0603_1608Metric","","C21190","","","",""
R10 R11 ,2,"5.1k","tom-passives:R_0603_1608Metric","","C23186","","","",""
R2 ,1,"10k","tom-passives:R_0603_1608Metric","","C25804","","","",""
R5 R6 ,2,"100k","tom-passives:R_0603_1608Metric","","C25803","","","",""
R7 R8 ,2,"20R","tom-passives:R_0603_1608Metric","","C22950","","","",""
R9 ,1,"1.5k","tom-passives:R_0603_1608Metric","","C22843","","","",""
SW1 ,1,"SW_SPST","tom-mechanical:SW_Push_1P1T_NO_CK_KMR2","~","DNP","","","",""
SW2 ,1,"SW_DPDT_x2","tom-mechanical:SW_DPDT_SMD","","DNP","","","",""
U1 ,1,"STM32F103C8T6","tom-semiconductors:QFP50P900X900X160-48N","","C8734","ST Microelectronics","10","IPC7351B",""
VR1 ,1,"LM1117MPX-3.3","tom-semiconductors:VREG_LM1117MPX-3.3","","C9662","Texas Instruments","O","IPC-7351B","1.80 mm"
X1 ,1,"8MHz","tom-passives:Crystal_SMD_5032-2Pin_5.0x3.2mm","","C115962","","","",""
X2 ,1,"32.768kHz","tom-passives:Crystal_SMD_5032-2Pin_5.0x3.2mm","","C32346","","","",""