"Comment","Designator","Footprint","LCSC"
"10uF/10V/X5R","C1","library:C_0603_1608Metric","C19702"
"100nF/50V/X7R","C2","library:C_0603_1608Metric","C14663"
"22uF/25V/X5R","C3","library:C_1206_3216Metric","C12891"
"22uF/25V/X5R","C4","library:C_1206_3216Metric","C12891"
"100nF/50V/X7R","C5","library:C_0603_1608Metric","C14663"
"100nF/50V/X7R","C6","library:C_0603_1608Metric","C14663"
"PM","D2","library:LED_0603_1608Metric","C2290"
"AL","D3","library:LED_0603_1608Metric","C2290"
"TEMP","D4","library:LED_0603_1608Metric","C2290"
"TOP","D5","library:LED_0603_1608Metric","C2290"
"BOTT","D6","library:LED_0603_1608Metric","C2290"
"LED","D7","library:LED_0603_1608Metric","C2290"
"LED","D8","library:LED_0603_1608Metric","C2290"
"LED","D9","library:LED_0603_1608Metric","C2290"
"LED","D10","library:LED_0603_1608Metric","C2290"
"LED","D11","library:LED_0603_1608Metric","C2290"
"LED","D12","library:LED_0603_1608Metric","C2290"
"LED","D13","library:LED_0603_1608Metric","C2290"
"LED","D14","library:LED_0603_1608Metric","C2290"
"LED","D15","library:LED_0603_1608Metric","C2290"
"LED","D16","library:LED_0603_1608Metric","C2290"
"LED","D17","library:LED_0603_1608Metric","C2290"
"LED","D18","library:LED_0603_1608Metric","C2290"
"LED","D19","library:LED_0603_1608Metric","C2290"
"LED","D20","library:LED_0603_1608Metric","C2290"
"LED","D21","library:LED_0603_1608Metric","C2290"
"LED","D22","library:LED_0603_1608Metric","C2290"
"LED","D23","library:LED_0603_1608Metric","C2290"
"LED","D24","library:LED_0603_1608Metric","C2290"
"LED","D25","library:LED_0603_1608Metric","C2290"
"LED","D26","library:LED_0603_1608Metric","C2290"
"LED","D27","library:LED_0603_1608Metric","C2290"
"LED","D28","library:LED_0603_1608Metric","C2290"
"LED","D29","library:LED_0603_1608Metric","C2290"
"LED","D30","library:LED_0603_1608Metric","C2290"
"LED","D31","library:LED_0603_1608Metric","C2290"
"LED","D32","library:LED_0603_1608Metric","C2290"
"LED","D33","library:LED_0603_1608Metric","C2290"
"LED","D34","library:LED_0603_1608Metric","C2290"
"LED","D35","library:LED_0603_1608Metric","C2290"
"LED","D36","library:LED_0603_1608Metric","C2290"
"LED","D37","library:LED_0603_1608Metric","C2290"
"LED","D38","library:LED_0603_1608Metric","C2290"
"LED","D39","library:LED_0603_1608Metric","C2290"
"LED","D40","library:LED_0603_1608Metric","C2290"
"LED","D41","library:LED_0603_1608Metric","C2290"
"LED","D42","library:LED_0603_1608Metric","C2290"
"LED","D43","library:LED_0603_1608Metric","C2290"
"LED","D44","library:LED_0603_1608Metric","C2290"
"LED","D45","library:LED_0603_1608Metric","C2290"
"LED","D46","library:LED_0603_1608Metric","C2290"
"LED","D47","library:LED_0603_1608Metric","C2290"
"LED","D48","library:LED_0603_1608Metric","C2290"
"LED","D49","library:LED_0603_1608Metric","C2290"
"LED","D50","library:LED_0603_1608Metric","C2290"
"LED","D51","library:LED_0603_1608Metric","C2290"
"LED","D52","library:LED_0603_1608Metric","C2290"
"LED","D53","library:LED_0603_1608Metric","C2290"
"LED","D54","library:LED_0603_1608Metric","C2290"
"LED","D55","library:LED_0603_1608Metric","C2290"
"LED","D56","library:LED_0603_1608Metric","C2290"
"LED","D57","library:LED_0603_1608Metric","C2290"
"LED","D58","library:LED_0603_1608Metric","C2290"
"LED","D59","library:LED_0603_1608Metric","C2290"
"LED","D60","library:LED_0603_1608Metric","C2290"
"LED","D61","library:LED_0603_1608Metric","C2290"
"LED","D62","library:LED_0603_1608Metric","C2290"
"100k","R1","library:R_0402_1005Metric","C25741"
"100k","R2","library:R_0402_1005Metric","C25741"
"100k","R3","library:R_0402_1005Metric","C25741"
"4.7k","R4","library:R_0805_2012Metric","C17673"
"R_100k","R5","library:R_0402_1005Metric","C25741"
"100R","R6","library:R_0402_1005Metric","C25076"
"100R","R7","library:R_0402_1005Metric","C25076"
"100R","R8","library:R_0402_1005Metric","C25076"
"100R","R9","library:R_0402_1005Metric","C25076"
"100R","R10","library:R_0402_1005Metric","C25076"
"4.7k","R11","library:R_0805_2012Metric","C17673"
"100R","R12","library:R_0402_1005Metric","C25076"
"100R","R13","library:R_0402_1005Metric","C25076"
"100R","R14","library:R_0402_1005Metric","C25076"
"100k","R15","library:R_0402_1005Metric","C25741"
"TLC59025","U1","library:SSOP-24_3.9x8.7mm_P0.635mm",""
"TLC59025","U3","library:SSOP-24_3.9x8.7mm_P0.635mm",""
"AZ1117-3.3","U4","library:SOT-223-3_TabPin2","C6186"
